ID;CARD_NUMBER;NAME;TRAINING_METHOD;TOKEN
6638274307,89876160624,Roderich McAuslene,D,hVIf0frs5V2t3QB7i6KtK
3196578281,54361051570,Gabey Compton,E,au1Ovq5GqQh3dEhSGGDbX
4176721758,49892160139,Sally Lorrain,F,
3382405166,43123490651,Maurine Toderini,F,
7300630452,49084199806,Arny Laffin,F,
1912667984,61565997637,Rad Arnefield,F,
2112465014,81530532178,Chicky Burkart,F,
1394694172,24777491329,Jolene Nutbeem,F,6mQLfoHyCRDZry2ac9oqL
3544599468,39260695946,Raphaela Catford,E,
9181871334,45149747258,Karlotta Cridge,F,
5519967562,81323939572,Lock MacAughtrie,F,
7788401892,63384998378,Dion Sherreard,F,
7569634502,22831323645,Ninnetta Schwander,P,
4208506445,37479632308,Fowler Denecamp,F,
3115443044,15330540456,Craig Halms,F,
8792691955,41500345268,Muhammad Ivatts,F,
6795486367,68361207987,Rebeca Cleave,F,
1889581984,98315921471,Myrta Poles,O,
3549366878,89731292997,Romy Tussaine,P,
1563028888,16183408072,Carolus Olive,F,
3729547934,49408080001,Cristal Hechlin,F,
3024975239,32994753005,Jenn Izsak,E,
4198196497,51811409904,Dagmar Primmer,F,
1688816788,34744331152,Eartha Yansons,F,
7911782049,15918075210,Ailyn Fern,F,
7387720400,76185112875,Hube Swidenbank,F,
9575629782,71664398162,Gustave Heavyside,F,
6528597404,12580007973,Hattie Culbert,F,
8607922797,88308249784,Gardner Phythian,F,
8632202209,36764457957,Willard Barnhill,F,
3653514717,34028555114,Jeanelle Scrannage,F,
3402816479,27309513323,Virge Tison,F,
2594794496,81385449164,Rollin Jays,F,
4131958841,36769946527,Virge Maddra,F,
1095637077,90744143726,Eunice Ineson,F,
3948078453,29433586053,Ethe Capstack,F,
6156881794,85327253510,Kort Brereton,F,
7097886205,31922122323,Glenden Jerzycowski,F,
7719512922,24642775353,Cecil Dunne,F,
8395154152,28971678831,Claudian Huikerby,F,
9977718175,40770710005,Dexter Paling,D,
6019690198,66533506991,Beryle Barkley,D,
8552542791,35475158422,Laurianne Formilli,D,
3382387772,24341202065,Jerrie Spuner,D,
2066034829,65809209097,Raddie Reskelly,F,
5848848288,15226137137,Isidoro Renouf,F,
4711631148,68270823551,Fredric Dillimore,F,
6914692517,20440626928,Jill Mollen,F,
8685279126,48313739422,Stafford Colt,F,
8580606001,75770050096,Lavinie Haggerston,F,
3220774668,78423383708,Orsa O'Shesnan,F,
3595935716,47560002578,Shalne Coley,F,
1092469397,70035928344,Branden Bulward,F,
1085262007,25806458193,Valaria Credland,F,
9233625406,72124885626,Crista Lidyard,F,
5956489187,79447795003,Obediah Foulger,F,
5026392640,70998057930,June Glandon,F,
6250851216,41580278328,Bonni Bartolomeotti,F,
8947217627,94186587337,Ferguson Scramage,F,
2688919696,23220541321,Ezequiel Ortet,F,
3469386488,16765827216,Aldis Le Floch,F,
6996175814,36761283116,Denys Sowersby,F,
2390323367,50681912249,Carlynn Dubs,F,
1751215132,58113760783,Leda Waddingham,F,
7342628525,71200416148,Aurore Goulston,F,
4067922896,43059965651,Donia Waplinton,F,
1198031326,83120428734,Thaine Gouthier,F,
5947930746,29300195506,Lari Corbyn,F,
2009934044,75760722120,Dorothee Elen,F,
4754399888,83421058514,Caryl Carrabott,F,
7427534945,74001911944,Free Pineaux,F,
6055557173,72186543154,Sabrina Danko,F,
6920475475,47045058348,Winonah Issacoff,F,
8940253461,77697660515,Ashely Rainy,F,
8790005449,91379011516,Marjory Barnaby,F,
7105216020,67933208985,Levey Shortan,F,
8035145651,70867501092,Von Scholz,F,
6398670150,35884854140,Corny Flatley,F,
6305151142,92497860449,Redd Cowland,F,
9440420449,26709707815,Elfrida Hoggan,F,
9616663349,20632352163,Elvin Loddon,F,
7266632786,95873005780,Carleen Jarvie,F,
9353606136,57916286845,Ernesto Sanderson,F,
7326802881,60399334962,Rosene Ellingworth,F,
5955340555,49528242363,Freedman O'Riordan,F,
7885186037,51023517519,Natasha Llop,F,
2203875705,28940962130,Shani Brunke,F,
6614085592,14375984292,Teressa Rabidge,F,
2516941914,57435947937,Brietta Wiburn,F,
7862483107,60572139642,Borg Drexel,F,
5057733729,96290695503,Weston Stanney,F,
7069728303,28983295571,Anastasia Greenshields,F,
7211814384,67370843950,Celle Dalmon,F,
5854317618,81376834086,Bone Kempton,F,
8013644820,50720332674,Normie McBoyle,F,
5658610454,36019874269,Harriet Fuidge,F,
2104300486,72208761348,Sanders Biddlestone,F,
1214125427,51528356180,Ethelin Dutchburn,F,
3815923514,79699549607,Lurlene Kinig,F,
2370703898,13262671154,Binky Fayter,F,
5203782806,34358137754,Darleen Orteu,F,
7485289225,53294843498,Basile Powland,F,
9582378861,12203512975,Paulette Wilkison,F,
5503276926,85477494547,Filide Giraldez,F,
5950566499,62926555426,Marice Bailess,F,
3897508384,44697195660,Jenine Eberlein,F,
3124461520,10112985244,Anton Paver,F,
4835684131,48048077105,Geoffrey Hanvey,F,
8963527222,54193390153,Albie Dugall,F,
4951202997,46128427633,Morganica Sommerling,F,
9899850067,73925198949,Zelma Onslow,F,
4790865078,15805114437,Jdavie Phelip,F,
1870649233,96565384339,Alphonse Lansberry,F,
1246412667,37721703400,Salvador Kehri,F,
9140701807,80797267774,Kerri Lorain,F,
7584317087,53933371045,Rubia Hankin,F,
7021823310,58127656747,Odille Labro,F,
9530960429,94623551444,Katleen Donwell,F,
5895487677,93094727796,Lorilyn Sidnell,F,
3815620546,40938763399,Mellicent Juliano,F,
6061578118,47230193337,Elliot Paradise,F,
6948153084,42288737703,Lesya Laffan,F,
3019763647,99928670565,Feodor Kneeshaw,F,
2217151799,92617846609,Maurita Edinborough,F,
9365938194,69609890196,Hansiain Branthwaite,F,
8959836195,89132596594,Tracie Camerana,F,
5568478559,28347520067,Lock McCart,F,
7038872711,84763125541,Ulric Tait,F,
6309798628,25366925602,Willamina Barbosa,F,
4225070288,95449469916,Kit Le Maitre,F,
4402380428,89812722242,Helena Pash,F,
3579043178,95056001002,Kate Milleton,F,
6731301602,89278679979,Alfons Hart,F,
1593420490,94672840045,Milt Overill,F,
1965936012,38987781159,Lynnette McMychem,F,
2337020815,70726193391,Jorrie Mackrell,F,
8416998820,33586055122,Art Fyndon,F,
9167181261,55656345614,Joycelin Beckinsall,F,
1616193785,76948188168,Delmor Ygo,F,
5117563821,15138145643,Nola Rikard,F,
2951093290,42981586292,Jobie Moulton,F,
1466328054,19610685979,Dorisa Brandt,F,
9258508106,65771883686,Dugald Cock,F,
9265170866,63561211968,Francyne Bricket,F,
1608243403,72329838025,Erich Ravenshaw,F,
7461625409,38281439135,Marty McQuorkel,F,
9176552945,55413477461,Fremont Raddan,F,
9526195065,78157441902,Rae Douberday,F,
7772415160,31422682566,Dominick Poli,F,
8893137557,35849311916,Jenica Lochrie,F,
8178585897,67074549479,Arni Jorcke,F,
8454434892,16012836991,Katie Cristoforo,F,
9406666251,77309345974,Lissa Imrie,F,
3156897502,82146626538,Dorothy Crippill,F,
2729818914,23246161024,Miner Mc Kellen,F,
7611044631,46281895379,Davide Filipponi,F,
5888764958,25111225125,Sutherlan Dowson,F,
5538643769,60028733991,Nestor De Atta,F,
7002575161,57466696031,Libbey Breitler,F,
7253683395,33183369963,Sharona Stobbe,F,
8988019485,80876924743,Jorry Bummfrey,F,
8749088063,62606605346,Asia Edwin,F,
2114634706,32869815899,Frankie Beal,F,
6064010939,19094876230,Margeaux Klosser,F,
3455553424,65061818365,Thekla Mustill,F,
2103126273,78061304088,Tabbie Le Gall,F,
4716130153,40531443636,Adolphus Radband,F,
7756831449,24706870822,Fremont Kenford,F,
1846268862,43988856915,Anatola Romero,F,
6979350048,76321695637,Skipper Duguid,F,
2939667211,96054846959,Frannie Hazeman,F,
7525822536,28605642514,Aldridge Barringer,F,
5881080875,28424058344,Inna Ech,F,
5085492602,15988127114,Remy Antusch,F,
5823638070,77100036754,Florry Guittet,F,
7269934057,56862770628,Oby Macey,F,
3002090031,76769095253,Milty Lippo,F,
4665639147,47690013426,Gerry Gealle,F,
5305115857,33970937306,Walden Sunderland,F,
6316331837,58769340979,Derry Olivari,F,
2842794465,13932504352,Elaina McCree,F,
6270303881,65292228255,Zorah Hellicar,F,
9309523943,58093711003,Vladimir Jahndel,F,
5110792399,71671614664,Earle Dumberrill,F,
7057962627,58162645574,Bentlee Cranfield,F,
8988190220,50145869545,Georgette Stearn,F,
3259886814,14452110848,Cordie Pook,F,
1448007258,28004188868,Domeniga Lidgey,F,
5210232296,83425181548,Erskine Costi,F,
9802325249,73169707121,Allsun Mordanti,F,
2405296755,24779301043,Dominica Triebner,F,
8330200242,38798113346,Ernst Seary,F,
7601227834,31969262152,Dale Nellies,F,
9951564597,21410870783,Marianne Halfacree,F,
7268847563,38926951998,Dorolisa Teece,F,
6824339477,62856585921,Hebert Beetham,F,
6166743147,86163388543,Britt De Cristofalo,F,
7414970287,34269168847,Cecil Altamirano,F,
7099662869,58406443111,Nye Dingsdale,F,
1420294783,37843522089,Rollo Mashro,F,
8491314534,43280838434,Noreen Kellett,F,
4452563172,85948003037,Abie Quinsee,F,
5327094576,73196507377,Archambault Mackro,F,
7401627082,52915130138,Betteanne Korejs,F,
1521499575,14262132869,Jed Haller,F,
8022331169,37696501799,Kaine Berrygun,F,
4464126765,18472741955,Sammy Insley,F,
3059362662,79331525770,Brita Deans,F,
2505929735,45139535990,Afton Hillen,F,
6926314160,43134656186,Meade Grimmer,F,
6738618849,82362403083,Holly Mainson,F,
6586173415,33259021138,Johannah Couthard,F,
9457615213,17663738264,Nikolas Fellgatt,F,
3262991407,69953228444,Merrielle Gason,F,
5630534966,18750690424,Rollo Lindman,F,
3183670537,61927357604,Trix Duesbury,F,
3307261046,80151151610,Cole Francke,F,
4270404835,55893301876,Chastity Milsap,F,
5697644286,54277461041,Aubine Greenard,F,
9259117257,88993697912,Rhett O'Heaney,F,
1050969902,73784762181,Stearne Jouanny,F,
3617690685,55649866201,Dionne Bourcq,F,
6688167485,78470113458,Francine Jobbings,F,
7877399611,35090167633,Irvin Petronis,F,
9542449952,61864652688,Leland Rottenbury,F,
2965400032,64893353989,Joly Wenman,F,
6110297935,20440473747,Renelle Godsal,F,
2539990196,77865755151,Anette Woodman,F,
1596205800,60473100038,Lloyd Rodway,F,
3369802548,97808624737,Hanan Fennell,F,
9269984906,59349292201,Karola Chaudron,F,
1307246556,25944377870,Edmon Humphrey,F,
7957387141,86936781574,Madelena Pessold,F,
8478387414,90745664439,Gunner Doore,F,
5239184366,60230370674,Malina Cockran,F,
5649442348,85005146279,Skippie Redit,F,
4897356637,91839036795,Koren Droghan,F,
8493696586,18347970165,Lee Stowte,F,
4500730503,25454055140,Farlie Olander,F,
6340061349,50675698611,Deeyn Cashmore,F,
4621654182,44071842536,Rutledge Piddock,F,
1337937939,49050663995,Artus Crame,F,
8848424119,66028909002,Mauricio Fairlaw,F,
8951765968,47888534429,Lemuel Keaveny,F,
3470707108,81617520876,Cristina Dearnly,F,
9743910860,97622388500,Annissa Sankey,F,
9706694069,91745792950,Malvin Auton,F,
4932343333,65323980727,Weylin Maughan,F,
2094955174,27462553700,Killie Gregore,F,
6441118352,57575790834,Pepe Heal,F,
5577443133,76116362245,Mollie Meere,F,
7281324008,79926065209,Jeannette Battson,F,
8196677907,53684207610,Mara Sidebotham,F,
2582723160,30006972444,Leah Lillow,F,
2742442301,62829680007,Harley Benner,F,
3538044663,84864720731,Ruttger Hayes,F,
9825674119,64188451335,Paulita O'Cullen,F,
9612256998,50470928786,Tori Povlsen,F,
4338152707,31977694484,Cello Pagon,F,
5079467640,94281282784,Karry Antalffy,F,
1679250431,53912594046,Hattie Gration,F,
8414183462,18568385856,Cort Mochan,F,
1831222401,38339152967,Augustine Sheahan,F,
2409373364,15029664308,Neil Evill,F,
5316678635,23414920744,Arman Overil,F,
9845130457,25470214995,Saree Pelos,F,
2515938221,69101331218,Delphinia Lacoste,F,
2598057840,37164625256,Gay Roizin,F,
3856128108,94716855860,Breena MacLaren,F,
5977986702,34430067837,Carmon Godon,F,
1642488869,40571309470,Rica Farley,F,
6174351821,76937709113,Isidro Pieche,F,
7504712842,61125529211,Kipp Deners,F,
4342775360,10453540582,Bartholemy Andryszczak,F,
2981414695,71405623755,Jennee Schwandner,F,
6214297990,59932479235,Mariska Scimoni,F,
4043430943,44548036734,Sadie Wanell,F,
7740606927,78157630636,Dorie Rowlands,F,
4303702244,19827055315,Lenee Plaxton,F,
5549832839,71910852552,Willie Duggen,F,
3385147394,31625592261,Nevins Gabbot,F,
5048244197,11247106930,Carina Kingswold,F,
7741485996,34568876555,Chrystel Woonton,F,
9105889361,85311094502,Shane Templar,F,
5480947626,53198891166,Dynah Greenan,F,
4165368565,71365559420,Geoffrey Boise,F,
3983548951,67392799373,Odele Copsey,F,
5857417739,60343473891,Egon Bonsey,F,
5640962395,81598602287,Jacquelin Vedeneev,F,
5858181426,83992944858,Wallis Brumfitt,F,
6863095768,13446261501,Dara Annon,P,
7315143583,97931765582,Engracia Haffard,F,
2387247706,71300968718,Conan Frie,F,
3411341447,96160116643,Tobey Nemchinov,F,
4918460679,66809529224,Putnam Lethlay,F,
9371529908,98420876269,Madelaine Grigaut,F,
9984515890,78720520872,Kristopher Tunnacliffe,F,
5800697538,98756859326,Estrellita Casini,F,
4887230791,53542258597,Rob Loudian,F,
3896917772,89339854149,Brander Priestner,F,
2474820700,93985769180,Irena Culpan,F,
5699661409,37001244359,Dyanne Beaford,F,
9582544594,99482196876,Ronny Joron,F,
1026065120,25703710345,Remus Harkness,F,
3793436614,33236359275,Clevey Dudmesh,F,
1736680035,55241095423,Rhody Thow,F,
4316016886,82627416726,Averell Pashe,F,
1586089729,12225656366,Eleonora Durram,F,
3574589448,79053449207,Yard Khalid,F,
9404204479,95773781518,Caryl Scardifeild,F,
7195509527,36277073556,Ive Farress,F,
4826768344,53362763696,Clem Woofenden,F,
4120318065,62325760240,Meridel Kaveney,F,
2052289793,74107077929,Darnall Jackalin,P,
7930025417,89829762178,Konstantine Guiot,F,
3945193738,81041268583,Meara Franklen,F,
6440369883,71259674254,Brianne Mordey,F,
8055191060,26725999092,Gaultiero Glenister,P,
7030420863,37899273023,Hillie Wonham,P,
8962853027,48288785921,Clare Musterd,P,
6646544352,95296276041,Lenna Birchwood,F,
4693271621,81975799623,Gabi Maloney,F,
6883372221,21169831899,Darda Habberjam,F,
1934589083,20160092237,Virgil Bridgeland,F,
3661181113,31149821435,Lark Matveichev,F,
3347782085,25357798007,Stirling Butfield,F,
5079535274,23950236136,Siegfried Raffles,F,
3337086160,81236104638,Sammie Ditchett,F,
2459300379,77446249755,Nerissa Lamswood,F,
4746857666,39453896718,Chickie Pennycuick,F,
3342795872,35168044498,Emilia MacConchie,F,
1865658761,50092456505,Tabbatha De Vuyst,F,
2014039931,22571081164,Bernadine Smallcombe,F,
2029537687,20536008173,Twyla Brisard,F,
5440205962,27711492724,Jessalin Garahan,F,
2241045693,24308902440,Griz Callway,F,
8351631295,27291784452,Klarika McKeighan,F,
4357345536,70058566527,Carolyn Featherby,F,
4647266770,61172671048,Mohandas Lewzey,F,
4458513348,91918443896,Randi Medendorp,F,
5425001983,75694574478,Jedediah Statter,E,
4098875478,45063198691,Dulcie Strudwick,F,
8554308782,96508479203,Desi Pudner,F,
7302156564,84367076847,Jonis Strete,F,
4860612929,96244910124,Salli Maffucci,F,
1689119066,95243901437,Klara Syvret,E,
4855675000,43075704450,Edvard Moreman,F,
3123662111,75868254406,Berke Ancliff,F,
5603675170,89324321949,Richardo Lippett,F,
9660623864,77794870907,Clim Stockman,F,
7429929535,76916661870,Henrietta Polon,E,
6213026244,50684581121,Nalani O'Doherty,F,
5071972449,30670703057,Jarrett Havvock,F,
3902127036,32402000363,Sergei Peacocke,E,
2470519461,17465294941,Ashli Serrell,F,
9415958042,70446293297,Sofia Stoacley,F,
4539848287,75819849799,Gus Reiners,F,
5599407099,97197967645,Lamar Raccio,F,
2896044375,52698522583,Natka Grindle,E,
2650264154,80486496389,Eda Aguirre,F,
7428491997,62687757245,Kristo Werendell,F,
2190104957,97534889978,Willa Castanares,F,
2193502079,51931709156,Ronny Ardern,F,
8279814112,86522143127,Dolores Tinkham,F,
6236723794,70787173109,Nevile Ricardin,F,
1632257432,72439854784,Magdalene Morcomb,F,
3047043987,32576679716,Sal Sprigging,F,
4724863052,95646810574,Larisa Agett,F,
6355252971,62036049458,Barny Whall,F,
9260835876,94687757734,Phyllida Stockport,F,
3399700440,82866468178,Terrie Orrell,E,
9295579873,29452907119,Imojean Rayson,F,
2180301345,82337511030,Viviana Fay,F,
4495353959,62575892821,Isidoro Felce,P,
3804360957,43186554249,Gerri Vince,F,
1788708991,37968399908,Shepperd Frackiewicz,F,
6484540737,26676969557,Ruperta Tocqueville,F,
9546615667,97829830629,Timmie Tredwell,F,
5406452656,28494709644,Rodrigo Cracknell,F,
7012413494,41648690304,Hetti Walesa,F,
7396014358,18857845187,Jeffry Klainman,F,
6432077723,79246664822,Ted Higbin,F,
2649528464,29451109955,Merrile Garred,F,
4927504918,99070699325,Megan Chittenden,F,
4051841323,72678737455,Dilly McNeilley,F,
6379811363,42284082079,Merralee Leggott,F,
4566802980,98282939442,Dasha Fawssett,F,
3313194372,29200404383,Honor Diche,F,
3576343320,32534177168,Kahaleel McLaughlin,F,
8368653637,85065886990,Gris Barnwell,F,
4033999647,94372723924,Edythe Garard,F,
9835421676,70410153361,Etty O'dell,F,
6538726142,18374034024,Mercie Bendle,F,
9358604385,42744606657,Brunhilde ducarme,F,
3736315162,59958795995,Porty Kleynen,O,
8527157632,53545037924,Jorgan Palfreman,F,
8687896240,14547729062,Dillie Kermannes,F,
7750085689,85519519525,Shirline Sokell,F,
2678207361,29515840453,Mara Grass,F,
4533150754,41883006824,Monika Chrishop,F,
2953965924,62663354981,Rubi Tebbs,F,
4085396889,48517510017,Waverley Banker,F,
8492153142,57309661860,Elly MacWhirter,F,
8968939623,36812287929,Pattie Farquarson,F,
8336378099,99643383167,Shirlene McConigal,F,
7297039129,75653413098,Moira Humphrey,F,
5112728252,20081077560,Zitella Harriman,F,
8250722896,89025191812,Parker Roper,F,
3514154156,43036193322,Alisander Minifie,F,
6166569939,54708223497,Sterne Tortoise,F,
1065793202,82241560841,Adara Ackenson,F,
4797565807,62470749493,Maude Akid,F,
4004837460,72542998344,Tracy Bispham,D,
8613989242,66399496839,Jasmina Estabrook,F,
9066491281,29966102784,Giff Bowers,F,
2254651963,43690242962,Armand Cuskery,F,
6427615688,34835616206,Katya Murrison,D,
8734743882,18492139832,Gert Fresson,F,
2599545027,72348359279,Enrica Jarred,F,
9092378276,20152596669,Randi Mapplethorpe,F,
5551992156,49898734877,Amabelle Curcher,F,
4376072552,76287353168,Tony Fidilis,F,
1304793243,29959354933,Fae Look,O,
7264954154,39060723753,Nonie Matushenko,F,
9128120274,91460671992,Carlin Lain,F,
7016342718,32269377836,Martainn Goadby,F,
8299431778,82722166628,Revkah Byway,F,
1826351052,81165722843,Iggy Winspear,F,
4917652208,73149663520,Carlie Tennant,F,
7640502102,51659838630,Damian Geroldi,F,
6506075616,45116267241,Ashbey Gittose,F,
4736074534,17628692737,Daune Kensitt,F,
7212636273,41510729575,Julie Oganian,F,
7191091796,93126842373,Parrnell Basten,F,
8725817249,35806969911,Holly Girdler,F,
8136405866,52821806511,Wolf Aloshkin,F,
7185140176,63775536742,Joelle Dinesen,F,
3130659903,65547626124,Yolane Doreward,F,
3363636200,25919463119,Ursa Skuse,F,
7653351552,28993629678,Xever Kane,F,
9457886799,86435155346,Tessie Piquard,F,
7421710695,66211916060,Adoree Fluger,F,
4361139198,40334934119,Waverley Christauffour,F,
4951307494,48385850432,Findlay Scheffler,F,
2733742510,26447994309,Ayn Vanns,F,
3466804142,19001693664,Bradan McDermid,F,
3244648670,88618674708,Phillis Corsham,F,
6694307098,32260974124,Hamnet Fessions,F,
1921163788,89626617194,Worth Duell,F,
2893602431,36273664404,Ginny Mudle,F,
9166443927,99972368049,Roderigo Bernot,F,
4711985241,90387082223,Ralf Gatland,F,
6975205177,91044966592,Vonni Willstrop,F,
9676139071,84800870890,Elora Brew,F,
2627539413,71196794774,Estell Stanway,F,
8697587659,81451844074,Deirdre Rudd,F,
8869210011,25607365090,Janenna Spindler,F,
5595128784,37547930194,Sherwynd Harragin,F,
9073183036,42685226979,Misty Klessmann,F,
5455370674,47664596918,Kimble Trump,F,
1334952083,19303745596,Wesley Bussens,F,
3967418887,94277641549,Jennee Manjin,F,
4149697498,12367909654,Riley Scourfield,F,
4078621994,51316057823,Elysha Crockford,F,
6771213861,72144487265,Valentine Lincey,F,
1042563527,91297136461,Kathrine Hallows,F,
6566946589,63591824295,Reagen Boulton,F,
3965727467,64061042723,Edouard Denington,F,
7501771414,43027124424,Lari Langforth,F,
5955835520,72493666053,Sheryl Board,F,
7649482978,68329818567,Dari Ketteman,F,
1021252089,35804416321,Ingunna Dagwell,F,
8410332971,21964429920,Murray Surgey,F,
8916606200,92059561264,Lothaire Boarder,F,
7148286765,64629049336,Lion Knoble,F,
8637848445,42493236490,Fin Coverlyn,F,
1616890423,56201711249,Sanderson Ayscough,F,
5014449948,59765497931,Kiley Hampshaw,F,
6221515334,10777135401,Archer Jonuzi,F,
9666424437,33119026556,Hugues Cathrall,F,
5591616905,86066732644,Philbert Yerrall,F,
9715744818,45290027972,Alfreda Grady,F,
8706064213,14572565140,Mord Maslin,F,
7794632756,65130535681,Kliment Brunroth,F,
9300934430,31103961565,Baldwin Sang,F,
9124367050,62672339387,Bobina Johnston,F,
5831583753,59725344784,Aaren Pechacek,F,
2975813011,53674206375,Daniela Wherry,F,
2138903791,21144071072,Teriann Crimes,F,
2340900709,64391195378,Dulcie Trayling,F,
6711501668,96424042947,Dacie Van Baaren,F,
9051922066,30127437585,Alyda Kondrachenko,F,
1821111100,33517114603,Cathy Monery,F,
1340574662,48147289638,Lonnie Eronie,F,
3739880958,90348315767,Antin Brookton,F,
9310945077,85516298282,Hulda Gabriely,F,
5126952884,52088265720,Sloan Izon,F,
4762658504,71499689581,Heriberto Sylvester,F,
